Iteration,Stability
1,0
2,0
3,0
5,0
6,0
7,0
8,0
12,0
14,0
16,0
18,0
20,0
23,0
24,0
25,0
27,0
28,0
31,0
33,0
34,0
35,0
36,0
40,0
41,-1
43,-1
45,-1
46,-1
48,-1
49,-1
51,0
52,0
53,0
54,0
61,0
64,0
65,0
66,0
69,0
70,-2
72,-1
73,-1
74,-1
75,-1
85,-1
91,-1
93,-1
103,-1
105,-1
112,-1
113,-1
114,-1
115,-1
123,-1
125,-1
126,-1
127,-1
134,-1
135,0
139,0
140,0
141,0
146,0
151,0
152,0
154,0
158,0
159,-1
160,-2
161,-2
163,-3
166,-3
174,-3
175,-3
178,-3
181,-3
185,-3
191,-5
192,-3
204,-3
205,-3
212,-3
218,-3
220,-3
225,-2
247,-2
256,-2
263,-2
264,-1
265,-1
268,-1
270,-1
279,-1
288,-1
289,-1
291,-1
292,-3
295,-4
296,-3
298,-3
299,-3
300,-3
306,-3
308,-3
312,-3
313,-3
314,-3
329,-3
335,-3
338,-1
339,-1
341,-1
342,-1
344,-1
347,-1
349,-2
354,-2
367,-2
368,-2
373,-2
374,-2
375,-2
383,-2
384,-2
387,-2
388,-3
389,-3
392,-3
401,-3
403,-3
408,-3
411,-3
413,-4
419,-4
420,-4
422,-4
428,-3
430,-3
435,-3
436,-3
437,-3
439,-4
441,-3
442,-2
443,-2
446,-3
454,-3
455,-2
457,-2
461,-2
464,-2
469,-2
470,-2
475,-2
477,-2
478,-2
480,-2
481,-2
491,-2
495,-2
496,-2
499,-2
500,-2
502,-2
503,-2
505,-2
507,-2
511,-2
513,-3
515,-3
516,-4
520,-3
522,-2
524,-2
527,-2
529,-2
532,-2
549,-2
552,-2
554,-2
562,-2
563,-2
568,-2
570,-2
572,-2
580,-2
582,-2
586,-2
587,-2
589,-2
590,-2
595,-2
596,-2
599,-2
600,-2
603,-2
608,-2
614,-1
616,-1
617,-1
622,-1
623,-1
626,-1
627,-1
628,-1
631,-1
637,-1
639,-1
646,-1
647,-1
649,-1
652,-1
656,-1
658,-1
659,-1
661,-1
664,-1
665,-2
666,-1
667,-1
671,-1
672,-1
674,-1
679,-1
681,-1
688,-3
690,-2
693,-2
696,-3
699,-5
700,-5
701,-4
703,-3
704,-3
707,-3
724,-3
727,-3
728,-3
734,-3
737,-4
738,-4
740,-4
741,-4
744,-4
746,-4
751,-4
753,-4
756,-6
758,-6
763,-6
764,-5
770,-5
774,-6
775,-6
777,-6
779,-6
783,-5
785,-5
786,-5
794,-5
803,-5
808,-5
809,-5
816,-5
818,-5
819,-6
821,-6
831,-6
833,-6
847,-6
849,-6
855,-6
856,-6
860,-6
862,-6
863,-6
866,-6
873,-6
876,-6
878,-6
879,-6
882,-7
884,-8
892,-8
897,-8
902,-8
905,-8
911,-8
915,-8
929,-8
944,-8
951,-8
955,-8
958,-8
960,-8
966,-8
968,-7
972,-7
974,-7
978,-7
982,-7
983,-7
990,-7
991,-7
994,-7
997,-7
1001,-7
1013,-5
1018,-5
1021,-5
1023,-5
1025,-5
1028,-5
1033,-5
1036,-5
1043,-5
1044,-5
1048,-12
1073,-12
1096,-12
1097,-12
1104,-12
1107,-12
1113,-14
1114,-13
1118,-13
1120,-13
1122,-13
1124,-13
1128,-13
1130,-13
1131,-13
1134,-13
1136,-8
1138,-8
1142,-6
1144,-6
1149,-6
1151,-5
1153,-5
1154,-5
1157,-4
1158,-4
1160,-4
1167,-5
1171,-4
1173,-4
1175,-4
1179,-4
1181,-4
1182,-4
1183,-4
1186,-4
1187,-4
1191,-4
1205,-4
1207,-4
1209,-4
1211,-4
1216,-4
1218,-4
1219,-4
1220,-4
1221,-4
1222,-4
1224,-4
1230,-4
1235,-4
1238,-10
1239,-10
1243,-10
1254,-10
1255,-4
1261,-3
1264,-2
1266,-1
1270,-1
1274,-7
1277,-7
1281,-1
1282,-1
1284,-1
1286,-1
1287,-1
1289,-1
1292,-1
1298,-1
1299,-2
1303,-3
1306,-3
1313,-3
1323,-4
1324,-4
1331,-3
1332,-3
1335,-3
1336,-5
1337,-4
1338,-4
1355,-5
1358,-3
1360,-2
1362,-2
1363,-1
1369,-1
1373,-1
1375,-1
1376,-1
1377,-2
1378,-2
1379,-2
1380,-2
1381,-2
1384,-1
1398,-1
1399,-1
1401,-1
1402,-2
1405,-2
1417,-2
1419,-2
1422,-3
1427,-3
1429,-3
1430,-4
1431,-5
1432,-5
1433,-5
1434,-5
1438,-5
1442,-5
1443,-4
1444,-4
1445,-4
1450,-4
1458,-4
1461,-3
1466,-8
1471,-8
1477,-3
1478,-3
1479,-3
1483,-2
1486,-4
1489,-2
1495,-2
1501,-2
1502,-2
1503,-4
1507,-4
1512,-4
1515,-4
1517,-3
1523,-3
1530,-3
1533,-1
1536,-1
1539,-1
1550,-1
1554,-1
1556,-1
1557,-1
1560,-1
1561,-1
1566,-1
1571,-1
1576,-1
1577,-9
1578,-2
1583,-2
1588,-2
1596,-1
1603,-1
1605,-1
1607,-1
1611,-1
1612,-1
1613,-1
1614,-1
1616,-1
1621,-2
1624,-2
1632,-2
1633,-1
1635,-1
1636,-2
1645,-1
1648,-1
1649,-1
1656,-1
1657,-1
1661,-1
1663,-1
1664,-1
1667,0
1669,0
1670,0
1673,0
1674,0
1678,0
1680,0
1685,0
1686,0
1688,0
1691,0
1694,0
1695,0
1704,0
1705,-1
1707,-2
1716,-2
1717,-2
1718,-2
1719,-2
1720,-2
1721,-2
1724,-2
1725,-2
1729,-2
1736,-2
1737,-2
1741,-2
1744,-2
1745,-2
1748,-2
1749,-2
1751,-2
1753,-3
1755,-3
1756,-3
1758,-3
1759,-2
1760,-2
1762,-1
1763,-1
1766,-1
1767,-1
1770,-1
1772,-1
1778,-1
1780,-1
1785,-1
1788,-1
1791,-1
1792,-1
1793,-1
1795,-1
1796,-1
1799,-1
1800,-1
1805,-1
1807,-2
1809,-2
1811,-2
1820,-2
1822,-3
1832,-3
1835,-3
1837,-3
1838,-3
1839,-3
1840,-3
1841,-3
1842,-2
1843,-2
1847,-2
1850,-3
1856,-3
1867,-3
1871,-3
1879,-3
1880,-2
1881,-2
1882,-1
1883,-1
1890,-2
1892,-2
1908,-2
1910,-3
1913,-3
1915,-4
1917,-4
1920,-4
1924,-4
1925,-4
1927,-3
1929,-3
1932,-3
1933,-3
1935,-3
1936,-1
1937,-1
1939,-1
1942,-2
1943,-2
1951,-2
1955,-2
1960,-2
1963,-2
1964,-2
1975,-1
1979,-1
1982,-1
1990,0
2000,0
2002,0
2005,0
2006,0
2007,0
2010,0
2011,0
2015,0
2018,0
2020,0
2027,0
2031,0
2038,0
2041,0
2042,-1
2043,-1
2044,-1
2048,-2
2051,-2
2057,-2
2059,-2
2060,-2
2062,-2
2067,-2
2070,-2
2078,-2
2081,-2
2083,-2
2089,-2
2091,-2
2093,-2
2095,-2
2097,-2
2104,-2
2105,-2
2108,-2
2109,-2
2110,-2
2111,-2
2112,-2
2115,-2
2116,-2
2118,-2
2120,-2
2121,-2
2128,-3
2129,-3
2139,-3
2146,-3
2147,-3
2148,-3
2151,-3
2155,-3
2163,-3
2173,-3
2174,-2
2175,-2
2179,-2
2190,-2
2191,-1
2197,-1
2198,-1
2200,-2
2207,-2
2215,-2
2216,-5
2219,-4
2227,-4
2232,-4
2233,-4
2236,-4
2238,-4
2243,-4
2246,-4
2249,-4
2251,-4
2258,-4
2268,-4
2274,-4
2277,-5
2278,-5
2280,-5
2284,-5
2287,-5
2290,-5
2295,-5
2296,-5
2297,-5
2301,-5
2302,-5
2306,-5
2313,-5
2314,-5
2318,-5
2320,-3
2324,-3
2330,-3
2331,-3
2332,-3
2334,-3
2335,-3
2336,-2
2337,-2
2338,-2
2340,-2
2342,-2
2349,-2
2350,-2
2352,-2
2353,-2
2354,-3
2357,-3
2359,-4
2363,-5
2364,-5
2369,-4
2370,-5
2373,-6
2381,-5
2389,-5
2391,-5
2392,-5
2394,-4
2397,-4
2400,-4
2401,-4
2404,-3
2405,-3
2407,-3
2408,-3
2409,-3
2410,-3
2412,-3
2416,-3
2418,-4
2419,-3
2420,-3
2421,-4
2434,-3
2445,-4
2455,-3
2456,-3
2457,-3
2459,-3
2462,-3
2463,-4
2470,-4
2471,-5
2479,-8
2490,-3
2491,-3
2495,-3
2500,-3
2506,-3
2509,-2
2515,-2
2517,-2
2519,-1
2521,-7
2523,-7
2524,-7
2527,-7
2530,-7
2532,-7
2537,-7
2538,-7
2539,-7
2546,-8
2548,-7
2549,-7
2557,-7
2558,-7
2560,-7
2563,-7
2567,-7
2574,-7
2579,-7
2581,-7
2583,-7
2584,-8
2585,-8
2586,-7
2593,-1
2595,-1
2597,-1
2599,-1
2605,-1
2608,-1
2609,-1
2613,-1
2614,-1
2616,-1
2618,0
2620,0
2623,0
2626,0
2629,-2
2632,-2
2633,-2
2636,-2
2641,-2
2642,-2
2643,-2
2645,-2
2646,-2
2649,-2
2653,-3
2663,-3
2665,-3
2673,-3
2679,-3
2686,-3
2689,-3
2694,-1
2697,-1
2700,-1
2708,0
2709,0
2717,-1
2721,0
2723,0
2725,0
2726,0
2729,0
2730,0
2731,0
2732,0
2733,0
2734,0
2735,0
2737,0
2739,0
2741,0
2742,0
2745,-1
2747,-1
2756,-1
2757,-1
2758,-1
2761,-2
2766,-2
2767,-3
2769,-4
2770,-4
2772,-4
2775,-4
2777,-4
2778,-3
2780,-4
2783,-4
2785,-4
2786,-4
2787,-5
2790,-5
2792,-5
2793,-5
2798,-5
2799,-5
2803,-5
2805,-4
2808,-4
2812,-4
2817,-5
2820,-4
2824,-4
2825,-4
2831,-4
2834,-4
2836,-4
2842,-4
2844,-4
2845,-4
2856,-4
2860,-4
2863,-4
2874,-4
2875,-4
2877,-4
2880,-4
2881,-4
2887,-4
2891,-4
2892,-4
2897,-4
2900,-4
2903,-4
2910,-3
2911,-3
2913,-2
2918,-2
2919,-2
2920,-8
2923,-8
2924,-8
2927,-8
2931,-8
2933,-8
2937,-8
2944,-8
2945,-8
2949,-8
2950,-9
2951,-8
2952,-8
2955,-8
2957,-8
2961,-8
2966,-8
2971,-8
2977,-8
2979,-8
2980,-8
2985,-8
2988,-8
2989,-10
2990,-13
3004,-11
3005,-10
3006,-10
3007,-12
3008,-9
3009,-7
3011,-7
3014,-7
3015,-10
3022,-10
3027,-4
3029,-5
3035,-4
3038,-4
3046,-2
3047,-1
3048,-1
3055,-1
3059,-1
3061,-1
3065,-1
3066,-1
3068,-2
3069,-2
3076,-3
3079,-4
3084,-3
3085,-3
3086,-3
3091,-4
3092,-3
3098,-8
3102,-5
3107,-4
3110,-4
3113,-4
3117,-4
3122,-3
3125,-3
3127,-3
3129,-3
3132,-3
3133,-3
3135,-3
3137,-3
3139,-3
3140,-3
3146,-3
3147,-3
3148,-3
3151,-3
3154,-3
3156,-2
3158,-2
3159,-2
3169,-2
3171,-2
3172,-3
3178,-3
3179,-3
3182,-3
3186,-3
3187,-3
3191,-3
3194,-3
3196,-3
3198,-3
3202,-3
3211,-3
3212,-3
3216,-3
3219,-3
3221,-3
3223,-3
3227,-4
3228,-4
3229,-4
3232,-3
3238,-3
3241,-3
3242,-3
3243,-2
3248,-2
3251,-2
3252,-2
3258,-1
3260,-1
3263,-1
3272,0
3274,0
3276,0
3277,0
3279,0
3280,0
3281,-1
3284,-1
3286,-1
3288,-1
3292,-1
3296,-2
3302,-2
3306,0
3316,0
3320,0
3333,0
3334,-5
3338,0
3339,-5
3350,-5
3361,-1
3364,-1
3365,0
3366,0
3367,0
3374,0
3375,0
3378,0
3380,0
3381,-2
3383,-2
3386,-2
3387,-1
3389,-2
3413,-1
3418,-1
3421,-2
3426,-2
3427,-4
3436,-3
3445,-1
3446,-1
3452,0
3455,-3
3460,-3
3462,-3
3467,-3
3473,-3
3478,-3
3479,-3
3483,-3
3496,-3
3497,-3
3503,-3
3510,-3
3512,-2
3515,-2
3517,-2
3519,-2
3520,-2
3522,-2
3523,-3
3524,-3
3526,-3
3531,-2
3538,-2
3543,-2
3545,-2
3548,-2
3549,-2
3552,-2
3556,-2
3563,-2
3564,-2
3565,-2
3566,-2
3567,-2
3568,-2
3576,-2
3581,-2
3584,-7
3586,-2
3588,-2
3594,-2
3596,-2
3597,-2
3599,-2
3600,-2
3602,-2
3603,-2
3606,-2
3611,-2
3618,-2
3619,-2
3620,-2
3621,-2
3622,-2
3623,-2
3628,-2
3629,-2
3632,-2
3636,-2
3638,-2
3642,-2
3643,-2
3644,-2
3649,-2
3651,-8
3652,-8
3653,-8
3655,-8
3659,-8
3662,-8
3664,-8
3668,-8
3670,-8
3672,-8
3677,-7
3678,-7
3679,-7
3680,-13
3682,-14
3685,-3
3689,-3
3691,-4
3693,-3
3698,-3
3702,-3
3705,-4
3706,-4
3709,-4
3712,-4
3717,-3
3719,-3
3722,-3
3724,-3
3727,-3
3734,-3
3738,-3
3739,-4
3744,-4
3746,-4
3748,-4
3751,-4
3753,-4
3764,-4
3765,-4
3769,-4
3771,-4
3777,-3
3778,-3
3781,-3
3783,-2
3784,-4
3788,-7
3789,-5
3794,-5
3795,-5
3798,-5
3799,-5
3800,-5
3803,-5
3805,-5
3816,-5
3820,-5
3821,-6
3828,-6
3836,-5
3838,-5
3840,-2
3841,-1
3843,-1
3845,-1
3849,-1
3852,-1
3857,-1
3860,-1
3861,-1
3863,-1
3867,-1
3870,-1
3881,-1
3882,-1
3889,-1
3891,-2
3895,-3
3897,-3
3909,-3
3915,-3
3916,-3
3917,-4
3918,-4
3919,-5
3929,-5
3943,-5
3944,-5
3949,-4
3956,-3
3960,-3
3969,-3
3974,-4
3977,-4
3978,-5
3983,-5
3984,-4
3986,-3
3990,-3
3993,-3
3994,-3
4002,-3
4005,-3
4006,-3
4009,-3
4013,-3
4015,-2
4023,-2
4032,-3
4033,-3
4035,-4
4038,-3
4047,-3
4048,-2
4056,-2
4061,-2
4062,-2
4063,-2
4068,-1
4071,-1
4081,-1
4082,-1
4083,-1
4087,-1
4088,-1
4093,-1
4097,-1
4099,-1
4109,-1
4123,-1
4124,-1
4127,-1
4129,-1
4133,-1
4134,-1
4136,-1
4137,-1
4142,-1
4147,-1
4148,-1
4151,-1
4156,-1
4157,-1
4163,-1
4167,-1
4174,0
4176,0
4185,0
4186,0
4190,0
4191,0
4192,0
4194,0
4197,0
4198,0
4203,0
4204,0
4208,0
4212,0
4214,0
4215,0
4218,0
4219,0
4221,0
4224,0
4235,0
4236,0
4239,-1
4241,-1
4242,-1
4244,-1
4248,0
4249,0
4254,0
4260,0
4261,0
4262,0
4263,0
4264,0
4266,0
4267,0
4269,0
4270,0
4271,0
4275,0
4277,0
4278,0
4279,0
4280,0
4284,0
4286,0
4287,0
4291,0
4293,0
4294,-1
4297,-1
4299,-2
4300,-1
4301,-1
4309,-1
4312,-1
4328,-1
4334,-1
4340,-1
4342,-1
4346,-1
4353,-1
4356,-1
4364,-1
4365,-1
4367,-1
4369,-1
4375,-1
4380,-1
4381,-1
4383,-1
4384,-1
4390,-1
4392,-1
4396,-2
4399,-2
4400,-2
4401,-2
4405,-2
4407,-2
4409,-2
4415,-2
4416,-2
4421,-3
4422,-3
4423,-3
4426,-3
4427,-3
4432,-3
4434,-3
4437,-3
4439,-3
4440,-3
4442,-3
4444,-2
4447,0
4450,0
4455,-1
4456,-2
4459,-2
4464,-8
4465,-8
4472,-6
4478,-6
4485,-8
4492,-8
4496,-3
4497,-5
4498,-5
4499,-5
4508,-5
4514,-5
4516,-5
4517,-3
4518,-2
4519,-2
4521,-2
4525,-2
4526,-2
4529,-2
4531,-2
4535,-2
4539,-2
4540,-2
4541,-1
4542,-1
4544,-1
4547,-1
4551,-1
4553,-1
4560,-1
4561,-1
4565,-2
4567,-2
4568,-2
4569,-2
4570,-3
4573,-4
4577,-4
4582,-5
4584,-5
4589,-5
4591,-5
4598,-3
4600,-4
4604,-4
4605,-4
4608,-4
4609,-4
4616,-5
4617,-6
4620,-6
4623,-5
4625,-4
4628,-4
4629,-4
4636,-4
4639,-4
4640,-4
4642,-9
4644,-10
4645,-10
4655,-9
4660,-8
4661,-8
4664,-8
4669,-8
4670,-8
4672,-8
4674,-2
4680,-2
4682,-2
4684,-2
4685,-2
4690,-2
4691,-2
4694,-2
4700,-2
4702,-2
4710,-2
4711,-2
4717,-2
4718,-2
4721,-2
4722,-2
4724,-2
4726,-2
4729,-2
4730,-2
4732,-2
4734,-1
4739,-1
4740,-1
4741,-1
4744,-1
4748,-1
4750,-1
4753,-1
4754,-3
4760,-1
4767,-1
4770,-1
4779,-1
4782,-1
4784,-1
4789,-1
4790,-1
4797,-1
4799,-3
4801,-3
4804,-4
4810,-4
4821,-5
4822,-5
4823,-6
4830,-6
4840,-6
4842,-7
4846,-9
4847,-9
4849,-9
4850,-9
4855,-9
4857,-9
4861,-8
4867,-7
4873,-7
4882,-5
4884,-5
4886,-5
4888,-5
4890,-5
4895,-5
4897,-4
4910,-4
4912,-3
4913,-3
4916,-3
4918,-3
4920,-3
4922,-3
4923,-3
4926,-5
4928,-5
4930,-5
4931,-5
4932,-5
4935,-3
4943,-3
4946,-3
4948,-3
4961,-2
4963,-2
4964,-2
4967,-2
4970,-1
4979,-2
4980,-2
4985,-2
4987,-1
4988,-1
4989,-1
4991,-1
4992,-1
4994,-1
4997,-1
5004,-1
5006,-1
5009,-1
5012,-1
5017,-1
5022,-1
5027,-1
5029,-1
5030,-1
5034,-1
5039,-1
5041,-1
5054,-2
5060,-2
5063,-2
5065,-2
5069,-2
5073,-2
5074,-2
5077,-2
5079,-2
5080,-2
5081,-2
5082,-2
5083,-2
5089,-2
5095,-2
5096,-1
5100,-1
5101,-1
5104,-1
5106,-1
5107,-1
5109,-1
5114,-1
5115,-1
5116,-1
5117,-1
5123,-1
5126,-1
5136,-1
5137,-1
5144,-1
5148,-1
5149,-1
5150,-1
5151,-1
5152,-1
5156,-1
5166,-1
5172,-4
5175,-1
5182,-1
5184,0
5190,0
5191,0
5193,0
5195,0
5196,0
5197,0
5198,0
5201,0
5203,0
5204,0
5205,0
5210,0
5213,0
5215,0
5219,0
5223,0
5224,0
5229,0
5233,0
5235,0
5239,0
5240,0
5244,0
5247,-1
5249,-1
5256,-1
5258,-1
5260,-3
5264,-2
5265,-2
5268,-2
5269,-3
5270,-3
5280,-3
5283,-4
5287,-2
5291,-2
5298,-2
5301,-2
5302,-2
5307,-2
5309,-2
5311,-2
5314,-2
5317,-2
5318,-1
5323,-1
5324,-1
5326,-1
5327,-1
5328,-1
5330,-2
5332,-2
5334,-2
5335,-2
5338,-2
5339,-3
5341,-3
5346,-3
5361,-3
5364,-3
5369,-2
5373,-2
5380,-2
5382,-3
5387,-3
5389,-2
5390,-2
5391,-3
5393,-2
5396,-2
5398,-2
5402,-2
5404,-2
5406,-2
5407,-3
5408,-3
5409,-2
5413,-2
5418,-2
5419,-2
5420,-2
5422,-2
5429,-2
5430,-2
5433,-1
5435,-1
5436,-1
5440,-1
5441,-1
5445,-2
5448,-2
5449,-2
5450,-1
5451,-1
5459,-1
5460,-1
5461,-1
5463,-1
5464,-1
5467,-1
5470,-1
5475,-1
5476,-2
5477,-2
5478,-2
5482,-2
5483,-2
5486,-1
5491,-1
5494,-1
5495,-1
5501,-4
5502,-1
5505,-1
5507,-6
5508,-6
5510,-6
5511,-6
5512,-6
5516,-6
5517,-7
5519,-7
5525,-3
5526,-2
5531,-2
5532,-2
5533,-2
5534,-2
5538,-2
5539,-2
5540,-2
5542,-2
5545,-2
5546,-2
5548,-2
5551,-3
5552,-5
5555,-5
5556,-5
5558,-5
5563,-5
5567,-5
5571,-5
5572,-6
5575,-6
5580,-4
5581,-4
5583,-4
5588,-4
5595,-4
5600,-4
5601,-3
5603,-3
5604,-3
5605,-3
5607,-10
5609,-11
5611,-4
5613,-4
5614,-3
5618,-3
5620,-3
5622,-3
5625,-3
5628,-3
5634,-3
5638,-3
5639,-3
5643,-3
5648,-3
5649,-3
5658,-3
5659,-3
5660,-3
5661,-3
5665,-3
5667,-3
5670,-3
5672,-3
5673,-3
5676,-2
5677,-2
5680,-2
5681,-2
5693,-2
5696,-1
5715,-1
5722,-1
5725,-1
5728,-1
5731,-4
5734,-1
5735,-1
5744,-2
5759,-3
5762,-3
5766,-3
5767,-3
5769,-2
5772,-1
5774,-1
5777,-3
5785,-3
5793,-3
5795,-3
5798,-3
5804,-3
5805,-3
5807,-4
5811,-4
5812,-4
5820,-5
5822,-3
5825,-3
5826,-3
5829,-3
5830,-3
5832,-3
5837,-3
5843,-3
5844,-2
5845,-2
5847,-2
5850,-2
5856,-2
5857,-2
5858,-2
5859,-2
5867,-2
5869,-2
5874,-2
5875,-2
5877,-2
5882,-2
5884,-2
5885,-2
5887,-1
5888,-2
5889,-1
5893,-1
5895,-1
5900,-1
5901,-1
5902,-1
5905,-1
5906,-1
5908,-1
5911,-1
5913,-1
5918,-2
5921,-2
5925,-2
5932,-2
5936,-2
5947,-3
5954,-3
5962,-3
5963,-4
5985,-2
5991,-2
5992,-2
5998,-2
5999,-3
6005,-3
6006,-2
6008,-2
6009,-2
6014,-2
6015,-1
6016,-1
6017,-1
6018,-1
6021,-1
6022,-1
6025,-1
6028,-1
6030,-1
6034,-1
6040,-1
6042,-1
6043,-1
6045,-1
6054,-1
6057,-1
6061,-1
6063,-1
6066,-1
6068,-1
6074,-2
6075,-2
6076,-2
6079,-2
6085,-2
6088,-2
6089,-2
6090,-2
6094,-2
6096,-2
6097,-2
6100,-2
6103,-3
6105,-3
6106,-3
6120,-3
6122,-3
6124,-3
6130,-3
6132,-3
6134,-3
6147,-3
6148,-3
6153,-2
6156,-2
6159,-2
6168,-2
6173,-2
6179,-2
6180,-2
6183,-2
6188,-2
6189,-3
6190,-3
6204,-3
6210,-3
6211,-3
6212,-3
6216,-2
6223,-2
6225,-2
6226,-2
6229,-2
6230,-2
6231,-2
6236,-4
6253,-3
6259,-3
6263,-3
6266,-6
6267,-6
6268,-6
6269,-6
6271,-6
6272,-6
6275,-6
6277,-6
6282,-6
6289,-5
6291,-5
6292,-5
6295,-5
6297,-5
6299,-5
6305,-5
6314,-3
6319,-3
6321,-3
6322,-3
6323,-3
6330,-4
6331,-4
6332,-3
6337,-3
6338,-3
6340,-2
6341,-2
6343,-2
6344,-3
6347,-3
6348,-2
6351,-2
6354,-2
6355,-2
6358,-2
6361,-2
6363,-2
6364,-2
6366,-2
6367,-5
6370,-5
6383,-5
6388,-4
6389,-4
6390,-4
6398,-6
6401,-5
6402,-6
6404,-4
6406,-3
6407,-3
6408,-3
6411,-2
6413,-2
6417,-2
6418,-2
6421,-2
6424,-2
6427,-2
6433,-2
6438,-2
6439,-2
6443,-2
6444,-2
6446,-2
6448,-2
6449,-2
6451,-2
6452,-2
6458,-2
6460,-2
6461,-2
6462,-2
6463,-2
6464,-2
6468,-2
6469,-2
6471,-2
6476,-2
6481,-2
6484,-2
6486,-2
6490,-2
6500,-2
6501,-2
6503,-2
6504,-2
6506,-2
6507,-2
6509,-1
6512,-1
6518,-1
6520,-2
6521,-2
6526,-2
6530,-2
6531,-2
6533,-3
6540,-3
6546,-3
6547,-2
6552,-2
6554,-1
6555,-1
6557,-1
6559,-1
6561,-1
6563,-1
6564,-2
6572,-2
6573,-1
6576,-1
6579,-1
6581,-1
6587,0
6588,0
6592,0
6593,0
6595,0
6601,0
6603,0
6604,0
6608,0
6611,0
6615,0
6619,0
6620,0
6622,0
6634,0
6643,0
6645,0
6647,0
6650,0
6651,0
6655,0
6656,0
6657,0
6660,0
6662,0
6663,0
6667,0
6671,-1
6677,0
6684,0
6695,0
6700,0
6702,0
6707,0
6710,0
6714,0
6718,-1
6719,-1
6721,-1
6725,-1
6727,-1
6728,-1
6729,-2
6732,-2
6733,-2
6734,-2
6735,-2
6737,-2
6743,-2
6744,-2
6745,-2
6747,-1
6755,0
6759,-1
6761,-1
6763,-1
6766,-1
6769,-1
6770,-1
6771,-1
6772,-1
6774,-1
6776,-1
6780,0
6783,0
6785,0
6786,0
6788,0
6790,0
6793,0
6794,-3
6796,0
6801,-1
6803,-3
6805,0
6806,0
6807,0
6810,0
6811,0
6813,0
6816,0
6819,0
6820,0
6821,0
6822,0
6826,0
6831,0
6833,0
6835,0
6837,0
6839,0
6841,0
6844,0
6846,0
6849,-2
6850,-2
6851,-2
6858,-2
6859,-2
6860,-2
6861,-2
6864,-2
6866,-2
6869,-2
6870,-2
6871,-2
6874,-2
6876,-2
6878,-2
6881,-2
6885,-2
6887,-2
6888,-2
6891,-2
6897,-2
6899,-2
6902,-2
6904,0
6905,-1
6906,-1
6908,-1
6911,0
6913,0
6914,0
6915,0
6916,0
6917,0
6920,0
6923,0
6924,0
6932,-1
6933,-1
6935,-1
6937,-1
6938,-1
6939,-1
6940,-1
6942,-1
6946,-1
6948,-2
6949,-2
6950,-2
6953,-3
6956,-3
6959,-3
6960,-3
6963,-3
6967,-2
6971,-2
6974,-2
6976,-2
6977,-2
6984,-1
6985,-1
6987,-3
6992,-1
6995,-1
6998,-1
7002,-2
7003,-2
7005,-2
7010,-1
7011,-1
7013,-1
7017,-1
7019,-2
7023,-2
7026,-2
7028,-2
7033,-2
7043,-2
7045,-2
7050,-2
7051,-2
7052,-2
7054,-2
7056,-2
7060,-2
7061,-2
7062,-2
7064,-2
7068,-2
7076,-2
7081,-2
7082,-2
7084,-2
7085,-3
7087,-3
7089,-3
7096,-3
7099,-3
7101,-3
7102,-3
7107,-3
7108,-5
7110,-5
7114,-5
7119,-3
7132,-3
7138,-3
7142,-3
7148,-3
7150,-3
7153,-2
7160,-2
7167,-2
7168,-2
7169,-3
7170,-3
7178,-3
7181,-2
7194,-2
7198,-2
7199,-2
7204,-1
7207,0
7212,0
7216,0
7220,0
7223,0
7225,0
7226,-1
7229,-1
7231,-1
7234,-1
7236,-1
7241,-1
7243,-1
7244,-1
7246,-1
7247,-1
7255,-2
7256,-2
7258,-2
7259,-1
7261,-1
7266,-1
7275,-1
7277,-1
7279,-3
7286,-3
7293,-3
7295,-3
7298,-1
7300,-1
7303,-1
7305,-2
7306,-2
7313,-2
7315,-2
7319,-1
7320,-1
7321,0
7322,0
7325,0
7326,0
7330,0
7333,0
7334,0
7336,0
7337,0
7340,0
7342,0
7345,0
7346,0
7348,0
7350,0
7352,0
7354,0
7355,0
7356,0
7357,0
7359,0
7362,0
7364,-1
7365,-1
7367,-1
7371,-1
7373,-1
7379,-1
7381,-1
7382,-1
7388,-1
7393,-2
7395,-2
7402,-2
7409,-2
7412,-2
7413,-2
7416,-2
7418,-2
7419,-2
7421,-2
7422,-2
7423,-2
7427,-2
7430,-2
7432,-2
7433,-2
7436,-2
7437,-2
7439,-2
7440,-2
7442,-3
7443,-3
7444,-3
7447,-1
7454,-1
7456,0
7457,0
7462,0
7463,0
7465,0
7467,0
7469,0
7474,0
7477,0
7479,0
7484,0
7485,0
7487,0
7489,0
7491,0
7492,-1
7493,-4
7496,-4
7500,-2
7507,-3
7509,-2
7510,-2
7513,-2
7514,-2
7517,-2
7521,-2
7523,-1
7526,-1
7527,-2
7530,-2
7533,-2
7534,-2
7536,-2
7537,-2
7539,-2
7540,-3
7545,-3
7553,-3
7554,-3
7557,-3
7558,-3
7561,-3
7564,-4
7569,-4
7572,-4
7576,-4
7578,-4
7581,-4
7583,-4
7588,-4
7597,-4
7599,-4
7601,-3
7606,-3
7607,-3
7614,-3
7615,-2
7618,-2
7619,-2
7621,-2
7624,-2
7625,-2
7626,-7
7627,-7
7638,-7
7643,-7
7646,-7
7649,-8
7652,-8
7656,-8
7661,-8
7669,-8
7670,-8
7672,-8
7678,-8
7680,-8
7681,-9
7683,-9
7695,-9
7704,-8
7708,-8
7719,-9
7721,-8
7727,-8
7746,-8
7752,-9
7754,-8
7756,-8
7758,-8
7766,-8
7768,-8
7773,-9
7774,-10
7779,-8
7780,-3
7783,-3
7784,-3
7785,-5
7786,-5
7801,-4
7802,-9
7804,-9
7813,-11
7816,-11
7819,-12
7827,-12
7843,-11
7849,-9
7855,-8
7857,-6
7858,-7
7870,-7
7880,-7
7881,-6
7892,-6
7895,-6
7897,-6
7898,-6
7903,-6
7904,-6
7908,-6
7909,-6
7910,-6
7911,-6
7917,-6
7919,-6
7928,-6
7929,-6
7930,-6
7932,-6
7934,-8
7935,-8
7941,-8
7943,-8
7945,-8
7946,-8
7948,-6
7950,-6
7966,-6
7967,-6
7968,-6
7970,-6
7971,-1
7973,-1
7975,-1
7983,-2
7985,-1
7986,-1
7987,-1
7992,-3
7994,-4
7996,-4
8010,-4
8011,-3
8013,-3
8015,-3
8016,-3
8027,-3
8029,-3
8032,-3
8038,-3
8053,-3
8057,-3
8061,-3
8076,-2
8080,-3
8084,-3
8086,-3
8091,-4
8097,-4
8104,-4
8105,-3
8107,-3
8110,-3
8111,-3
8112,-3
8117,-3
8118,-3
8119,-3
8121,-3
8125,-2
8126,-7
8131,-7
8135,-7
8137,-7
8140,-6
8158,-6
8162,-6
8165,-1
8174,-1
8175,-2
8183,-3
8192,-3
8194,-3
8198,-2
8204,-2
8207,-2
8218,-2
8220,-2
8221,-2
8222,-2
8225,-2
8227,-2
8232,-2
8239,-1
8240,-1
8243,-1
8246,-1
8250,-1
8252,-1
8262,-2
8264,-2
8267,-2
8271,-2
8274,-1
8276,-1
8278,-1
8280,-1
8286,0
8289,0
8296,0
8300,0
8302,-1
8304,-1
8305,-6
8306,-6
8308,-6
8311,-6
8319,-6
8322,-6
8324,-6
8325,-6
8330,-6
8333,-6
8334,-1
8339,-1
8350,0
8356,0
8361,0
8365,0
8368,0
8369,-3
8371,-3
8373,-3
8374,-3
8380,-3
8384,-3
8386,-3
8390,-4
8396,-4
8398,-4
8400,-4
8403,-4
8404,-4
8408,-1
8410,-1
8413,-1
8418,-1
8425,-1
8429,-1
8430,-1
8432,-1
8434,-1
8437,-2
8441,-2
8445,-3
8448,-2
8452,-2
8456,-2
8464,-2
8465,-2
8477,-2
8486,-2
8488,-3
8489,-2
8492,-2
8494,-2
8495,-2
8498,-2
8502,-2
8505,-2
8509,-2
8510,-2
8513,-2
8518,-2
8521,-2
8522,-2
8526,-2
8528,-2
8529,-2
8532,-2
8537,-1
8540,-1
8550,-1
8552,-1
8554,0
8560,0
8563,-1
8568,-1
8574,-2
8580,-4
8583,-1
8587,-1
8589,-1
8591,-1
8593,-4
8594,-3
8597,-3
8598,-3
8602,-3
8605,-3
8615,-3
8620,-4
8621,-4
8624,-4
8630,-10
8635,-9
8636,-9
8647,-9
8659,-9
8662,-9
8664,-10
8667,-10
8687,-9
8690,-9
8692,-10
8697,-11
8701,-11
8703,-11
8712,-10
8722,-11
8724,-10
8728,-10
8729,-10
8733,-10
8747,-10
8749,-10
8750,-9
8754,-9
8761,-10
8764,-10
8767,-10
8768,-10
8772,-10
8773,-10
8777,-10
8778,-10
8781,-10
8782,-10
8783,-8
8784,-8
8786,-8
8787,-8
8788,-8
8790,-8
8792,-8
8794,-8
8797,-8
8798,-8
8806,-8
8809,-8
8818,-8
8820,-8
8826,-8
8829,-8
8830,-8
8833,-8
8836,-8
8841,-1
8842,-2
8843,-2
8845,-1
8849,-1
8851,-3
8853,-3
8854,-3
8858,-3
8860,-3
8871,-3
8872,-3
8876,-3
8878,-4
8879,-4
8880,-4
8889,-4
8897,-4
8902,-4
8909,-4
8912,-3
8915,-3
8917,-3
8919,-2
8920,-1
8921,-1
8925,-1
8926,-1
8929,-1
8932,-1
8935,-1
8938,-1
8942,-1
8944,-1
8949,-1
8951,-1
8953,-1
8958,-1
8964,-1
8968,-1
8969,-1
8973,-2
8974,-3
8975,-3
8977,-3
8978,-3
8979,-3
8984,-2
8985,-2
8986,-2
8989,-2
8991,-2
8992,-2
8995,-2
8998,-2
9000,-2
9002,-2
9003,-2
9004,-2
9009,-2
9012,-1
9013,-1
9019,-1
9020,-1
9021,-1
9022,-1
9023,-1
9024,-1
9026,-1
9029,-1
9032,-1
9033,-1
9034,-1
9041,-1
9042,-1
9043,-1
9044,-1
9051,-1
9052,-1
9053,-1
9054,-1
9056,-1
9058,-2
9061,-2
9062,-2
9065,-2
9066,-2
9071,-2
9072,-2
9073,-2
9076,-1
9080,-1
9084,-1
9087,-1
9089,-1
9092,-1
9094,-1
9095,-2
9098,-1
9104,-1
9106,-1
9109,-1
9110,-2
9114,-2
9115,-2
9117,-2
9120,-2
9124,-2
9128,-1
9131,-1
9132,-1
9135,-2
9136,-2
9143,-3
9144,-2
9146,-2
9149,-2
9157,-2
9164,-2
9165,-2
9166,-2
9168,-2
9170,-2
9173,-2
9176,-2
9177,-2
9179,-2
9192,-2
9195,-2
9198,-2
9203,-2
9204,-2
9206,-2
9207,-1
9208,-1
9221,-1
9224,-1
9225,-1
9226,-1
9227,-1
9229,-1
9230,-1
9232,-1
9233,-1
9237,-1
9238,-1
9240,-1
9242,0
9243,0
9246,-1
9251,-1
9256,-1
9258,-1
9261,-1
9262,-1
9279,-1
9284,-1
9286,-1
9287,-1
9291,-1
9293,-1
9297,-1
9298,-1
9300,-1
9309,-1
9316,-1
9318,-1
9328,-1
9331,-1
9333,-1
9336,-2
9347,-2
9349,-2
9350,-1
9351,-1
9354,-1
9356,0
9357,0
9361,0
9363,0
9365,0
9366,0
9379,0
9382,0
9384,0
9385,0
9386,0
9387,0
9389,0
9394,0
9396,0
9400,-1
9402,-1
9403,-1
9407,-1
9409,-1
9411,-1
9412,0
9415,0
9419,0
9420,0
9421,0
9422,0
9425,0
9431,0
9435,0
9437,0
9438,0
9439,0
9440,0
9441,0
9444,-1
9445,-1
9452,-1
9454,-1
9456,-1
9463,-1
9472,-1
9474,-1
9479,-1
9483,-1
9486,-1
9488,-1
9497,-1
9507,-1
9508,-1
9509,-1
9511,-1
9516,-1
9517,-1
9518,-1
9522,-1
9523,-1
9524,-1
9530,-1
9534,-1
9536,-1
9538,-1
9539,-1
9542,-1
9545,-1
9547,-1
9550,-1
9556,-2
9563,-2
9569,-3
9570,-4
9581,-4
9583,-3
9585,-3
9586,-3
9588,-3
9591,-3
9593,-3
9594,-3
9596,-3
9598,-3
9599,-3
9602,-3
9605,-3
9606,-2
9613,-2
9615,-2
9625,-3
9627,-2
9629,-3
9631,-3
9632,-4
9633,-4
9636,-4
9650,-4
9653,-3
9655,-3
9658,-3
9662,-3
9665,-3
9666,-1
9669,-1
9670,-3
9671,-2
9675,-2
9680,-2
9682,-2
9684,-2
9685,-1
9687,-1
9688,-1
9690,-4
9691,-4
9692,-4
9694,-4
9699,-4
9700,-4
9709,-6
9716,-6
9718,-4
9722,-4
9723,-2
9724,-2
9727,-1
9728,0
9731,0
9732,0
9734,0
9737,-1
9738,-1
9742,0
9744,0
9746,0
9753,0
9757,0
9761,0
9768,0
9769,0
9772,0
9773,0
9783,0
9784,-2
9785,-1
9790,-2
9791,-1
9797,-1
9801,-2
9802,-1
9813,-1
9814,-1
9815,-1
9816,-1
9818,-1
9821,-1
9823,-1
9827,-1
9828,-1
9831,-1
9832,-1
9834,-2
9835,-2
9838,-2
9839,-2
9840,-2
9841,-1
9845,-1
9850,-1
9852,-1
9853,-1
9856,-1
9860,-1
9862,-1
9865,-1
9872,-1
9874,-1
9877,-1
9879,-1
9881,-1
9882,0
9884,-1
9885,-1
9890,-1
9893,-1
9895,-1
9897,-1
9900,-1
9905,-1
9906,-1
9914,-1
9927,-1
9931,-1
9940,-3
9950,-1
9953,-1
9958,-1
9966,-1
9968,-1
9969,-1
9972,-1
9975,-1
9978,-6
9981,-6
9985,-1
9998,-1
10000,-1
1,-1
6,-2
13,-2
15,-2
16,-2
32,-2
37,-1
41,-1
45,-1
52,-1
54,-1
55,-1
58,-1
61,-1
65,-2
70,-1
71,-1
75,-1
76,-1
88,-1
102,-2
106,-2
108,-2
110,-2
117,-2
119,-2
122,-2
125,-2
132,-2
134,-2
138,-7
145,-7
148,-2
149,-3
157,-3
160,-3
176,-3
184,-3
187,-3
191,-4
193,-3
195,-4
199,-4
203,-3
204,-2
205,-2
206,-2
208,-2
210,-2
211,-2
212,-2
214,-2
218,-3
222,-3
225,-3
226,-3
234,-3
239,-2
240,-1
241,-1
242,-1
244,-1
246,-1
248,-1
250,-1
251,-1
253,-1
254,-1
255,-1
259,-2
260,-2
264,-2
268,-2
276,-6
277,-6
281,-7
283,-5
293,-4
297,-4
300,-4
306,-4
307,-4
309,-5
314,-5
316,-5
320,-5
321,-5
324,-5
326,-5
328,-6
331,-6
333,-6
337,-5
342,-5
343,-5
344,-5
345,-5
346,-5
356,-5
357,-4
361,-4
364,-4
365,-4
368,-4
370,-5
373,-5
374,-5
376,-4
381,-4
382,-3
383,-3
390,-3
392,-3
394,-3
397,-3
399,-3
401,-3
410,-1
412,-2
413,-3
414,-3
416,-2
417,-1
418,-1
422,-1
428,-1
436,-1
440,-1
441,-1
444,-1
445,-1
446,-1
447,-1
450,-1
452,-2
454,-2
455,-2
463,-2
465,-2
466,-2
469,-2
471,-2
473,-2
475,-2
476,-2
478,-2
479,-2
482,-4
488,-4
489,-4
492,-4
494,-4
506,-4
508,-5
511,-5
515,-5
522,-5
534,-6
550,-6
554,-5
556,-5
561,-5
565,-5
566,-5
570,-5
575,-5
578,-5
580,-5
581,-4
582,-4
583,-5
586,-5
589,-5
596,-7
597,-7
602,-5
609,-5
610,-5
620,-5
624,-5
625,-5
630,-5
632,-4
636,-4
640,-4
646,-4
650,-4
653,-5
659,-4
668,-4
669,-2
671,-2
672,-2
679,-2
686,-2
690,-2
691,-2
702,-2
704,-2
705,-2
713,-5
715,-4
717,-4
718,-4
721,-4
724,-1
729,-1
738,-1
739,-1
741,-2
749,-2
755,-1
758,-1
759,-1
765,-1
766,-1
768,-1
773,-1
774,-1
778,-1
780,-1
785,-1
787,-1
791,-1
794,-1
799,0
807,0
809,0
810,0
813,0
833,0
837,0
841,0
844,0
846,0
849,0
852,0
853,0
854,0
855,-1
857,-1
859,-1
862,0
863,0
868,0
869,0
872,0
878,0
879,0
880,0
884,0
885,-1
888,-1
890,-1
894,-1
895,-1
897,-1
900,0
901,0
903,0
904,0
905,0
906,0
907,0
908,0
909,0
912,0
914,0
916,0
917,0
924,0
925,0
927,0
928,0
929,0
930,0
931,0
932,-6
937,-7
939,-7
943,-3
944,-3
950,-4
954,-4
955,-5
957,-5
962,-5
970,-4
972,-4
974,-4
975,-4
980,-5
983,-6
995,-5
996,-5
997,-5
1000,-5
1001,-6
1005,-6
1010,-6
1011,-6
1016,-6
1019,-6
1020,-6
1030,-6
1032,-6
1033,-6
1037,-6
1042,-6
1049,-6
1051,-6
1062,-5
1065,-5
1066,-5
1074,-5
1075,-5
1087,-6
1089,-6
1090,-12
1093,-12
1104,-12
1111,-12
1129,-14
1136,-13
1137,-13
1142,-13
1144,-13
1146,-13
1153,-13
1156,-13
1166,-8
1167,-8
1168,-8
1170,-8
1171,-9
1172,-10
1173,-10
1175,-10
1176,-10
1177,-9
1192,-9
1194,-9
1199,-12
1202,-12
1204,-11
1212,-11
1216,-11
1218,-11
1221,-9
1227,-9
1236,-9
1246,-9
1261,-9
1271,-9
1280,-9
1290,-9
1292,-9
1293,-9
1299,-11
1304,-11
1305,-10
1306,-10
1312,-10
1314,-11
1319,-10
1323,-10
1329,-10
1343,-10
1345,-10
1351,-10
1360,-9
1361,-3
1365,-3
1366,-4
1371,-4
1372,-4
1374,-4
1381,-4
1385,-4
1392,-4
1398,-4
1399,-5
1401,-4
1408,-3
1411,-3
1413,-3
1417,-3
1418,-3
1419,-3
1420,-3
1425,-3
1427,-3
1430,-3
1431,-3
1432,-3
1439,-3
1444,-3
1447,-3
1454,-3
1456,-3
1461,-4
1469,-4
1474,-5
1490,-4
1498,-5
1501,-5
1508,-4
1519,-4
1524,-4
1525,-4
1536,-6
1539,-4
1544,-3
1545,-3
1554,-3
1558,-3
1559,-7
1560,-3
1566,-3
1569,-3
1576,-4
1577,-3
1583,-3
1588,-4
1590,-4
1591,-4
1595,-4
1599,-4
1602,-4
1608,-4
1609,-3
1610,-3
1612,-3
1613,-3
1617,-10
1625,-10
1626,-10
1629,-10
1634,-10
1645,-11
1648,-11
1656,-10
1658,-10
1662,-10
1664,-10
1669,-3
1670,-3
1675,-3
1678,-3
1682,-5
1687,-5
1688,-3
1689,-4
1691,-4
1695,-4
1697,-4
1699,-4
1703,-4
1712,-4
1717,-4
1721,-4
1724,-4
1729,-4
1731,-4
1734,-4
1741,-4
1742,-4
1745,-4
1747,-5
1756,-5
1758,-4
1768,-4
1770,-4
1775,-4
1776,-4
1782,-4
1784,-4
1789,-3
1791,-3
1793,-3
1801,-3
1803,-2
1815,-2
1823,-2
1828,-3
1831,-3
1839,-2
1843,-3
1853,-3
1859,-3
1862,-3
1872,-2
1873,-2
1874,-2
1879,-2
1880,-2
1881,-2
1882,-2
1884,-2
1885,-2
1886,-3
1890,-2
1891,-1
1910,-1
1912,-1
1916,-1
1918,-1
1919,-1
1923,-1
1924,-1
1925,-1
1928,-1
1936,-1
1944,-2
1950,-2
1951,-2
1956,-2
1969,-4
1978,-4
1981,-4
1987,-3
1989,-2
1992,-2
1997,-1
1998,-1
2001,0
2004,-2
2005,-1
2007,-1
2011,-1
2012,-1
2014,-1
2019,-1
2025,-1
2026,0
2027,0
2028,0
2031,-2
2040,-2
2044,-2
2045,-2
2046,-2
2048,-1
2053,-1
2058,-1
2064,-1
2068,-1
2070,-1
2073,-1
2077,-1
2079,-1
2081,-1
2084,-1
2091,-1
2095,-1
2096,-3
2098,-3
2101,-3
2104,-1
2108,-3
2117,-3
2122,-3
2123,-2
2124,-2
2141,-1
2143,-1
2145,-1
2147,-1
2151,-1
2152,-1
2153,-2
2155,-2
2156,-2
2157,-2
2160,-4
2161,-4
2167,-4
2168,-2
2170,-2
2171,-2
2176,-2
2179,-2
2185,-2
2187,-2
2188,-2
2190,-2
2193,-2
2194,-2
2195,-1
2196,-1
2201,-1
2202,-1
2203,-1
2207,-1
2208,-1
2209,-1
2210,-1
2211,-1
2213,-1
2215,-1
2216,-4
2220,-4
2221,-4
2225,-4
2226,-4
2227,-4
2234,-4
2235,-4
2239,-4
2247,-1
2251,-1
2253,-1
2254,0
2256,0
2260,0
2261,0
2265,0
2267,0
2268,0
2276,0
2281,0
2285,0
2287,-1
2288,-1
2290,-1
2291,-2
2292,-2
2293,-2
2295,-2
2300,-2
2302,-2
2307,-2
2314,-2
2315,-2
2321,-2
2323,-3
2332,-2
2334,-2
2335,-2
2338,-2
2339,-3
2342,-2
2346,-2
2347,-2
2348,-2
2351,-2
2353,-2
2354,-2
2360,-2
2362,-2
2364,-2
2372,-2
2380,-2
2382,-2
2383,-2
2384,-2
2386,-1
2387,-1
2388,-1
2390,-1
2393,-1
2394,-1
2397,-1
2400,-1
2401,-1
2404,-1
2405,-1
2406,-1
2413,-1
2414,-1
2415,-1
2416,-1
2417,-1
2420,-1
2421,-1
2422,-1
2425,-2
2430,-2
2433,-1
2435,-2
2440,-1
2441,-1
2455,-1
2458,-1
2462,-1
2473,-1
2475,-1
2477,0
2479,0
2482,0
2486,0
2492,0
2494,0
2499,0
2501,0
2503,0
2505,-1
2506,-1
2510,-1
2512,-2
2513,-2
2514,-2
2516,-2
2525,-2
2527,-2
2535,-2
2538,-2
2541,-2
2545,-2
2546,-2
2547,-2
2551,-2
2553,-2
2555,-3
2560,-3
2564,-3
2567,-3
2568,-3
2572,-3
2584,-3
2587,-2
2589,-2
2590,-2
2591,-3
2592,-3
2594,-3
2595,-3
2596,-3
2597,-3
2599,-3
2603,-2
2605,-2
2611,-2
2612,-2
2613,-2
2615,-3
2621,-3
2630,-2
2635,-2
2651,-2
2654,-1
2656,-1
2664,-1
2665,-1
2669,-2
2672,-2
2674,-2
2675,-2
2676,-2
2678,-6
2679,-4
2684,-4
2687,-4
2690,-4
2698,-4
2699,-4
2700,-4
2702,-4
2703,-3
2706,-3
2711,-3
2712,-3
2722,-3
2724,-4
2728,-3
2731,-3
2735,-3
2736,-3
2743,-3
2749,-4
2754,-4
2755,-3
2760,-3
2770,-3
2775,-2
2776,-2
2780,-2
2781,-2
2789,-2
2795,-3
2796,-2
2803,-2
2805,-2
2817,-2
2825,-2
2829,-2
2830,-2
2835,-2
2847,-2
2854,-2
2856,-2
2863,-1
2874,-1
2875,-1
2878,-1
2882,-1
2883,-1
2886,-1
2887,-1
2889,-1
2894,-1
2897,-2
2913,-2
2914,-2
2917,-2
2924,-4
2934,-4
2937,-2
2939,-2
2941,-5
2942,-3
2951,-3
2955,-4
2961,-4
2971,-4
2982,-4
2987,-3
2989,-3
2992,-3
2995,-3
3003,-3
3006,-3
3010,-3
3011,-4
3013,-4
3014,-4
3019,-3
3031,-4
3038,-4
3040,-4
3041,-4
3042,-4
3043,-4
3045,-4
3046,-6
3048,-5
3052,-5
3054,-5
3055,-4
3061,-5
3063,-5
3071,-4
3073,-5
3082,-4
3095,-4
3099,-4
3103,-2
3109,-2
3111,-2
3113,-2
3115,-2
3121,-2
3123,-2
3128,-2
3130,-2
3134,-2
3137,-2
3139,-2
3142,-4
3143,-4
3144,-4
3146,-2
3147,-2
3148,-3
3150,-2
3159,-2
3160,-2
3167,-2
3173,-2
3175,-2
3178,-2
3180,-2
3182,-2
3186,-2
3187,-2
3193,-2
3199,-2
3200,-2
3204,-2
3207,-2
3211,-2
3213,-2
3215,-2
3216,-2
3224,-2
3225,-2
3231,-2
3236,-2
3238,-2
3243,-2
3252,-2
3253,-2
3254,-2
3256,-2
3258,-2
3262,-3
3263,-2
3270,-3
3275,-6
3277,-4
3278,-4
3281,-4
3295,-4
3297,-4
3304,-4
3305,-4
3308,-4
3311,-4
3315,-4
3316,-4
3320,-4
3323,-4
3328,-4
3333,-4
3352,-10
3354,-8
3355,-10
3356,-10
3358,-10
3359,-10
3361,-10
3364,-8
3369,-10
3387,-10
3391,-10
3397,-10
3398,-11
3399,-11
3404,-11
3410,-11
3413,-9
3414,-7
3420,-10
3422,-10
3424,-10
3427,-9
3439,-8
3441,-7
3448,-7
3451,-8
3453,-7
3458,-2
3459,-2
3466,-2
3476,-2
3477,-2
3479,-2
3480,-2
3486,-2
3488,-2
3489,-2
3494,-2
3497,-2
3501,-2
3504,-3
3505,-3
3506,-3
3517,-3
3519,-3
3522,-3
3525,-3
3529,-2
3530,-2
3532,-2
3537,-1
3539,-1
3542,-1
3545,-1
3546,-1
3548,-1
3549,-1
3553,-1
3559,-1
3561,-1
3562,-1
3564,-1
3566,-1
3567,-1
3568,-1
3569,-1
3570,-1
3572,-1
3573,-1
3574,-2
3576,-2
3577,-2
3581,-2
3582,-2
3583,-2
3586,-2
3588,-2
3591,-2
3592,-2
3593,-2
3597,-2
3602,-2
3604,-2
3605,-2
3610,-2
3612,-2
3614,-2
3615,-2
3619,-2
3624,-2
3625,-2
3627,-2
3628,-2
3629,-2
3630,-2
3631,-2
3639,-2
3644,-2
3645,-3
3648,-3
3652,-2
3658,-2
3667,-2
3669,-2
3671,-2
3672,-2
3673,-2
3677,-3
3679,-3
3681,-3
3683,-8
3684,-8
3686,-8
3688,-8
3694,-8
3695,-8
3698,-9
3701,-9
3702,-9
3703,-11
3709,-11
3710,-11
3712,-11
3715,-11
3718,-11
3719,-11
3720,-6
3721,-6
3724,-6
3726,-6
3728,-6
3737,-5
3741,-5
3742,-5
3744,-5
3745,-5
3746,-5
3747,-5
3751,-5
3763,-5
3767,-4
3768,-4
3771,-4
3774,-4
3778,-4
3780,-4
3781,-4
3787,-4
3788,-6
3792,-6
3793,-6
3794,-6
3795,-9
3797,-9
3807,-8
3808,-6
3809,-6
3812,-3
3813,-3
3814,-3
3816,-3
3817,-3
3823,-1
3825,-2
3826,-2
3827,-2
3829,-2
3830,-2
3832,-2
3833,-2
3838,-2
3841,-2
3844,-2
3845,-2
3848,-2
3851,-2
3852,-3
3856,-2
3859,-2
3860,-2
3861,-2
3862,-2
3864,0
3866,-1
3867,0
3868,0
3873,0
3876,0
3879,0
3881,0
3883,-1
3884,-1
3885,-1
3887,-1
3890,-1
3894,-1
3897,-1
3912,-1
3914,-1
3916,-1
3918,-1
3919,-6
3920,-6
3923,-1
3931,-1
3932,-1
3933,-2
3944,-2
3955,-2
3956,-1
3967,-2
3969,-2
3991,-2
3995,-2
3996,-2
3997,-2
4001,-2
4005,-2
4008,-2
4011,-2
4014,-2
4020,-1
4023,-1
4026,-1
4031,-1
4035,-1
4039,0
4041,-1
4044,-1
4047,-1
4050,-1
4056,-1
4063,-1
4065,-3
4076,-3
4077,-3
4079,-5
4082,-5
4084,-5
4085,-5
4086,-5
4094,-3
4096,-4
4098,-4
4103,-6
4105,-3
4107,-2
4108,-2
4127,-2
4131,-2
4136,-2
4140,-2
4144,-2
4147,-2
4156,-2
4157,-1
4158,-1
4169,-1
4171,-1
4172,0
4178,0
4180,0
4181,0
4182,0
4183,0
4187,0
4188,0
4189,0
4190,0
4191,0
4193,0
4195,-1
4201,-1
4202,-1
4206,-1
4210,-2
4219,-1
4220,-1
4221,-1
4223,-1
4230,-1
4234,-1
4236,-2
4243,-2
4244,-1
4252,-1
4283,-1
4284,-1
4286,-1
4292,-1
4298,-1
4299,-1
4301,-1
4304,-1
4319,-1
4321,-1
4323,-1
4332,-2
4336,-2
4341,-1
4348,-1
4349,-1
4350,-1
4351,-4
4352,-1
4354,-1
4357,-1
4359,-1
4360,-1
4365,-2
4367,-2
4372,-1
4375,-2
4376,-2
4378,-2
4379,-2
4383,-2
4384,-2
4385,-2
4386,-2
4387,-2
4390,-2
4393,-2
4394,-3
4395,-3
4396,-3
4397,-3
4406,-3
4408,-3
4413,-3
4418,-3
4419,-3
4428,-3
4429,-3
4432,-3
4439,-3
4444,-3
4445,-3
4449,-3
4451,-3
4454,-3
4463,-3
4464,-3
4468,-3
4470,-3
4471,-3
4475,-2
4484,-2
4488,-2
4492,-2
4494,-2
4499,-2
4501,-2
4503,-2
4515,-3
4520,-3
4522,-3
4529,-3
4531,-3
4533,-3
4537,-3
4542,-3
4543,-3
4545,-3
4552,-3
4557,-3
4560,-3
4561,-3
4562,-3
4569,-3
4574,-3
4578,-3
4579,-4
4581,-4
4585,-5
4587,-5
4600,-5
4602,-5
4610,-5
4619,-4
4621,-4
4624,-4
4625,-4
4627,-5
4638,-4
4641,-6
4644,-6
4645,-6
4647,-5
4648,-5
4650,-5
4653,-5
4658,-5
4660,-4
4663,-4
4664,-4
4666,-4
4668,-4
4677,-4
4678,-3
4689,-3
4691,-3
4692,-3
4702,-3
4712,-3
4715,-3
4718,-3
4720,-3
4722,-3
4725,-3
4733,-3
4735,-3
4739,-3
4740,-4
4741,-4
4742,-4
4743,-5
4748,-5
4749,-6
4752,-6
4754,-6
4755,-5
4756,-5
4758,-5
4759,-4
4762,-4
4770,-4
4771,-3
4773,-3
4776,-3
4777,-3
4786,-3
4789,-2
4791,-2
4792,-2
4793,-2
4794,-2
4798,-2
4802,-2
4804,-2
4805,-2
4806,-3
4807,-3
4811,-3
4815,-3
4818,-3
4821,-3
4827,-3
4828,-3
4835,-3
4840,-1
4843,-6
4844,-6
4852,-8
4855,-8
4860,-2
4867,-1
4870,-1
4871,-2
4874,-2
4877,-2
4879,-2
4882,-3
4890,-2
4895,-2
4904,-2
4905,-2
4907,-2
4908,-2
4910,-2
4911,-2
4916,-2
4923,-2
4928,-2
4929,-3
4930,-3
4933,-2
4938,-2
4942,-4
4950,-2
4951,-2
4952,-2
4960,-2
4961,-2
4963,-2
4965,-1
4966,-2
4970,-3
4971,-3
4972,-3
4977,-2
4983,-2
4987,-2
4988,-2
4989,-2
4990,-2
4991,-2
4993,-3
4994,-3
4996,-4
4997,-4
4998,-3
5007,-3
5010,-3
5011,-2
5012,-2
5013,-2
5020,-2
5022,-2
5025,-1
5027,-1
5028,-1
5029,-1
5040,-1
5041,-1
5043,-1
5047,-1
5049,-1
5051,-1
5053,-1
5056,-2
5063,-1
5066,-1
5075,-1
5076,-1
5089,-2
5092,-3
5097,-3
5100,-3
5104,-3
5108,-3
5109,-3
5118,-4
5125,-4
5127,-4
5135,-3
5140,-4
5142,-4
5146,-4
5152,-4
5156,-5
5158,-4
5159,-4
5164,-4
5166,-4
5168,-5
5170,-3
5181,-3
5185,-3
5189,-3
5190,-3
5193,-3
5195,-3
5197,-3
5199,-5
5200,-5
5203,-5
5205,-5
5209,-4
5212,-4
5213,-3
5220,-3
5221,-3
5223,-3
5224,-2
5225,-2
5227,-2
5229,-2
5235,-2
5236,-2
5237,-2
5241,-2
5244,-2
5246,-2
5253,-2
5260,-8
5264,-8
5266,-8
5270,-8
5271,-8
5275,-8
5281,-8
5284,-8
5285,-8
5290,-8
5291,-8
5296,-8
5300,-8
5306,-8
5307,-8
5308,-9
5309,-9
5310,-9
5314,-9
5315,-9
5316,-3
5322,-4
5323,-4
5328,-4
5331,-4
5336,-4
5337,-4
5340,-4
5350,-4
5351,-4
5352,-4
5363,-4
5379,-4
5382,-4
5391,-4
5393,-5
5401,-5
5403,-5
5407,-5
5408,-5
5413,-5
5414,-5
5415,-3
5416,-3
5417,-3
5420,-2
5422,-2
5426,-2
5427,-2
5428,-2
5429,-1
5430,-1
5431,-1
5434,-1
5435,-1
5437,-1
5443,-1
5451,-1
5453,-1
5456,-1
5459,-2
5462,-2
5463,-2
5465,-2
5466,-2
5467,-2
5469,-2
5470,-2
5471,-2
5475,-2
5478,-2
5479,-2
5481,-2
5485,-2
5486,-1
5487,-1
5488,0
5489,0
5490,0
5494,-1
5497,-1
5501,-1
5506,-1
5507,-8
5514,-8
5518,-1
5519,-1
5525,-1
5527,-2
5529,-2
5530,-2
5533,-2
5534,-2
5536,-2
5537,-2
5542,-2
5543,-2
5545,-1
5549,-2
5553,-2
5555,-2
5558,-2
5563,-2
5564,-2
5565,-2
5566,-2
5569,-4
5574,-4
5580,-4
5583,-4
5586,-4
5589,-4
5590,-4
5594,-4
5596,-4
5610,-4
5611,-3
5613,-3
5617,-3
5623,-3
5624,-3
5625,-3
5627,-3
5640,-3
5641,-1
5646,-1
5651,-1
5652,-1
5653,-3
5655,-3
5656,-3
5660,-3
5661,-3
5674,-3
5676,-3
5680,-3
5685,-3
5686,-4
5692,-5
5700,-4
5703,-4
5706,-6
5711,-5
5715,-5
5717,-5
5726,-3
5733,-3
5737,-3
5740,-4
5741,-4
5749,-5
5753,-6
5754,-6
5768,-6
5771,-6
5781,-6
5788,-5
5789,-5
5796,-5
5808,-5
5812,-5
5813,-4
5831,-5
5834,-5
5840,-5
5841,-3
5843,-4
5850,-3
5858,-3
5861,-2
5874,-2
5878,-2
5880,-5
5883,-1
5884,-1
5885,-1
5925,-1
5926,-1
5928,-5
5929,-5
5942,-3
5947,-3
5950,-2
5957,-2
5960,-4
5970,-4
5972,-4
5983,-4
5985,-4
5989,-5
6001,-5
6002,-4
6011,-4
6015,-4
6016,-4
6017,-4
6019,-4
6021,-4
6022,-4
6023,-4
6026,-4
6031,-4
6033,-4
6034,-4
6040,-4
6041,-4
6042,-4
6043,-4
6045,-4
6048,-5
6051,-4
6056,-4
6057,-5
6058,-5
6066,-4
6069,-4
6070,-4
6073,-3
6074,-1
6076,-1
6078,-1
6079,-1
6081,-1
6086,-2
6087,-1
6089,-1
6094,-1
6095,-1
6099,-1
6100,-1
6101,-1
6115,-1
6117,-1
6118,0
6119,0
6121,0
6122,0
6124,0
6125,0
6126,0
6129,0
6130,0
6135,0
6136,0
6138,0
6139,0
6142,0
6146,0
6147,0
6149,0
6150,-1
6152,-1
6154,-2
6157,-2
6158,-1
6160,-1
6161,-1
6163,-1
6165,-1
6166,-1
6172,-1
6181,-1
6186,-1
6187,0
6189,0
6190,0
6193,0
6196,0
6199,0
6200,-1
6204,-1
6211,-1
6218,-2
6219,-3
6223,-3
6224,-3
6225,-3
6226,-3
6243,-3
6245,-3
6249,-3
6252,-3
6255,-3
6257,-3
6258,-3
6259,-2
6264,-2
6265,-2
6267,-2
6270,-2
6274,-2
6276,-3
6283,-3
6284,-3
6285,-2
6287,-4
6295,-3
6301,-3
6302,-3
6304,-3
6306,-3
6308,-4
6310,-4
6314,-4
6316,-4
6317,-4
6329,-4
6332,-4
6336,-4
6337,-4
6339,-4
6341,-4
6348,-4
6350,-5
6357,-5
6361,-3
6363,-3
6365,-3
6367,-3
6369,-3
6370,-3
6372,-3
6373,-3
6377,-3
6378,-3
6379,-3
6387,-4
6395,-4
6404,-4
6405,-4
6412,-3
6416,-3
6417,-3
6419,-8
6424,-8
6431,-8
6433,-8
6434,-8
6437,-8
6439,-8
6442,-8
6447,-8
6450,-8
6451,-8
6453,-8
6454,-8
6460,-8
6461,-8
6463,-8
6464,-8
6472,-8
6474,-8
6477,-8
6484,-8
6485,-8
6486,-8
6492,-8
6494,-8
6496,-8
6499,-8
6502,-2
6503,-2
6507,-2
6510,-2
6512,-2
6516,-2
6517,-2
6520,-2
6521,-2
6522,-2
6526,-2
6532,-2
6539,-2
6541,-2
6542,-2
6544,-2
6545,-2
6546,-4
6552,-4
6557,-4
6559,-2
6563,-2
6564,-2
6569,-2
6573,-2
6578,-2
6579,-2
6584,-2
6587,-2
6588,-2
6590,-2
6592,-2
6597,-2
6598,-2
6601,-3
6603,-3
6605,-3
6608,-3
6609,-3
6611,-2
6612,-2
6613,-2
6615,-3
6617,-3
6619,-3
6627,-3
6628,-2
6630,-1
6637,-1
6640,-1
6643,-1
6644,-1
6645,-1
6647,-1
6648,-1
6652,-1
6655,-2
6657,-2
6659,-2
6663,-2
6667,-2
6668,-2
6672,-1
6673,-1
6674,-1
6675,-1
6680,-1
6684,-1
6685,-1
6689,-1
6699,-1
6700,-2
6701,-2
6706,-2
6709,-2
6715,-3
6731,-3
6734,-2
6738,-2
6739,0
6746,0
6747,0
6750,0
6757,0
6758,0
6764,0
6773,0
6780,0
6786,0
6790,0
6808,0
6811,0
6817,0
6819,0
6826,0
6827,0
6832,0
6834,-1
6838,-1
6840,-1
6843,-1
6847,-1
6849,-1
6859,-1
6863,-1
6868,-1
6870,0
6877,0
6879,0
6880,0
6881,0
6883,0
6885,0
6886,0
6889,0
6891,0
6893,0
6895,0
6898,0
6899,0
6900,0
6903,0
6907,0
6910,0
6916,0
6917,0
6919,0
6924,0
6928,0
6932,0
6933,0
6936,0
6937,0
6938,0
6945,0
6950,0
6951,-2
6952,-2
6960,-2
6964,-2
6965,-2
6966,-2
6970,-2
6972,-2
6976,-3
6984,-3
6990,-4
6995,-4
7005,-4
7007,-2
7012,-2
7013,-1
7018,-1
7019,-1
7023,-2
7028,-2
7029,-2
7030,-3
7034,-3
7041,-3
7046,-3
7047,-3
7049,-3
7050,-3
7051,-1
7055,-2
7060,-3
7066,-3
7067,-1
7072,-1
7073,-1
7080,-2
7094,-2
7095,-2
7098,-2
7106,-2
7110,-2
7118,-2
7119,-2
7125,-2
7127,-2
7128,-2
7129,-2
7131,-2
7135,-2
7137,-2
7138,0
7139,0
7143,0
7144,0
7145,0
7146,0
7150,0
7151,0
7153,0
7154,-1
7155,-1
7157,-1
7158,-1
7164,-1
7172,-1
7179,-1
7182,-3
7186,-1
7187,-1
7189,0
7190,0
7191,0
7199,0
7201,0
7202,0
7206,0
7209,0
7210,0
7221,0
7222,0
7230,0
7240,-1
7255,-3
7258,-3
7259,-3
7260,-3
7261,-3
7263,-3
7264,-2
7265,-2
7269,-2
7271,-2
7272,-2
7273,-2
7274,-2
7275,-2
7277,-2
7278,-3
7279,-3
7282,-2
7284,-4
7285,-4
7291,-2
7292,-2
7293,-2
7295,-2
7296,-2
7300,-2
7301,-2
7302,-2
7304,-2
7305,-2
7312,-2
7315,-2
7317,-2
7321,-2
7327,-2
7330,-2
7332,-2
7335,-2
7336,-2
7341,-2
7345,-2
7350,-2
7356,-2
7358,-2
7360,-2
7363,-2
7364,-2
7372,-2
7373,-2
7375,-2
7377,-2
7378,-3
7380,-3
7381,-3
7382,-3
7386,-3
7387,-3
7388,-3
7392,-2
7396,-2
7397,-2
7399,-2
7400,-2
7404,-2
7416,-1
7429,-1
7432,-1
7433,-1
7437,-1
7440,-1
7441,-1
7443,-1
7445,-1
7451,-1
7452,-2
7459,-2
7461,-2
7470,-2
7471,-2
7475,-3
7485,-2
7486,-2
7489,-2
7490,-2
7491,-2
7493,-2
7495,-2
7496,-2
7500,-2
7504,-2
7510,-2
7512,-3
7514,-3
7516,-3
7517,-3
7522,-4
7529,-4
7532,-3
7543,-3
7544,-4
7547,-4
7548,-3
7550,-3
7553,-3
7555,-3
7557,-3
7560,-2
7566,-4
7570,-4
7571,-2
7579,-2
7582,-3
7584,-3
7585,-3
7591,-2
7594,-2
7605,-2
7607,-2
7608,-2
7614,-2
7620,-2
7623,-2
7629,-2
7631,-2
7632,-1
7635,-1
7636,-2
7640,-2
7642,-2
7643,-3
7656,-3
7657,-2
7661,-3
7663,-3
7668,-2
7669,-2
7671,-2
7679,-2
7680,-2
7681,-2
7682,-2
7683,-2
7685,-2
7688,-2
7694,-2
7700,-2
7703,-1
7704,-1
7705,-1
7707,-1
7709,-1
7711,-1
7712,-1
7714,-1
7716,0
7718,0
7722,0
7726,0
7731,0
7735,-1
7740,-1
7742,-1
7743,-1
7748,-1
7750,-1
7751,-1
7758,-1
7763,-1
7764,-1
7766,-1
7776,-4
7777,-1
7789,-1
7790,-1
7791,-1
7794,-2
7798,-2
7800,-2
7802,-3
7808,-3
7811,-2
7813,-1
7814,-1
7821,-1
7826,-1
7831,-1
7832,-1
7834,-2
7836,-2
7838,-2
7840,-2
7843,-2
7846,-2
7849,-4
7853,-2
7857,-2
7864,-3
7865,-3
7868,-3
7870,-3
7873,-3
7875,-3
7877,-2
7878,-2
7879,-2
7880,-2
7883,-2
7887,-1
7889,0
7890,0
7893,0
7895,0
7897,0
7898,0
7904,0
7909,0
7913,0
7915,0
7918,0
7919,0
7920,0
7921,0
7922,0
7924,0
7926,0
7927,0
7930,0
7931,-2
7938,-2
7939,-2
7942,-2
7944,-2
7945,-2
7946,-2
7947,-2
7948,-3
7951,-5
7964,-5
7972,-4
7974,-4
7975,-4
7976,-4
7977,-4
7978,-4
7982,-4
7983,-4
7986,-4
7987,-4
7988,-2
7990,-2
7997,-2
8005,-2
8006,-2
8008,-2
8013,-2
8021,-2
8023,-2
8031,-2
8032,-2
8035,-2
8037,-2
8064,-3
8070,-3
8071,-3
8073,-3
8076,-3
8081,-3
8090,-3
8092,-3
8095,-3
8096,-3
8106,-3
8117,-4
8119,-4
8123,-4
8127,-4
8130,-4
8137,-4
8138,-4
8141,-4
8146,-4
8149,-4
8151,-4
8158,-4
8162,-4
8164,-3
8170,-3
8171,-3
8173,-3
8176,-3
8177,-3
8178,-3
8181,-3
8182,-3
8196,-3
8197,-2
8198,-2
8199,0
8201,-1
8205,-1
8206,-1
8207,-1
8209,-1
8212,-1
8213,0
8214,0
8216,0
8218,0
8219,0
8222,0
8225,0
8230,0
8231,0
8232,0
8233,0
8235,0
8237,0
8238,0
8242,0
8243,0
8244,0
8245,0
8246,0
8247,0
8249,0
8251,-2
8256,-2
8261,-2
8263,-2
8267,-2
8278,-2
8280,-2
8281,-2
8282,-2
8285,-2
8289,-2
8290,-2
8293,-2
8294,-7
8295,-7
8300,-7
8303,-7
8307,-7
8309,-7
8310,-8
8313,-6
8314,-6
8315,-6
8319,-6
8323,-6
8329,-6
8336,-6
8338,-6
8342,-6
8348,-6
8349,-1
8354,-1
8365,-1
8368,-1
8384,-1
8388,-1
8389,-1
8390,-3
8391,-1
8392,-1
8399,-1
8405,-3
8406,-3
8409,-3
8412,-4
8421,-3
8429,-3
8437,-3
8438,-3
8443,-3
8445,-2
8448,-2
8450,-2
8454,-2
8455,-2
8458,-1
8460,-1
8463,-1
8464,-1
8465,-1
8469,-1
8472,-1
8477,-1
8478,-1
8479,-1
8480,-1
8482,-2
8484,-3
8485,-3
8487,-4
8488,-2
8492,-2
8494,-2
8495,-2
8496,-2
8497,-2
8501,-2
8502,-3
8503,-2
8504,-2
8505,-2
8506,-2
8508,-3
8515,-3
8517,-3
8518,-3
8519,-3
8520,-3
8530,-3
8531,-3
8533,-4
8539,-4
8546,-4
8552,-4
8555,-4
8561,-4
8564,-4
8569,-4
8575,-4
8576,-4
8577,-4
8582,-4
8584,-4
8588,-4
8590,-4
8594,-4
8596,-3
8597,-4
8605,-2
8608,-2
8617,-2
8619,-2
8622,-2
8623,-2
8626,-2
8636,-2
8638,-2
8645,-2
8648,-2
8650,-2
8653,-2
8654,-2
8658,-3
8659,-3
8660,-3
8662,-3
8664,-3
8665,-3
8668,-3
8673,-3
8674,-3
8678,-3
8681,-3
8684,-3
8685,-6
8686,-6
8689,-6
8691,-6
8698,-7
8699,-8
8700,-8
8707,-8
8709,-7
8712,-7
8713,-7
8720,-3
8726,-3
8729,-3
8730,-3
8731,-3
8735,-4
8742,-4
8743,-4
8744,-3
8746,-4
8754,-4
8757,-3
8758,-2
8762,-2
8765,-1
8769,-1
8770,-1
8776,-1
8779,-1
8781,-1
8782,-2
8786,-1
8787,-1
8791,-1
8793,-1
8794,-1
8795,-1
8808,0
8809,0
8811,-1
8812,-1
8813,-1
8815,-1
8817,-1
8820,-1
8821,-1
8822,-1
8823,-1
8824,-1
8828,-1
8829,-1
8831,-1
8832,-1
8835,-1
8836,-1
8837,-1
8839,-1
8841,-1
8842,-2
8844,-2
8846,-2
8847,-2
8849,-2
8858,-3
8859,-3
8865,-3
8869,-4
8878,-5
8880,-5
8885,-5
8895,-4
8900,-4
8903,-4
8904,-4
8908,-5
8927,-6
8928,-6
8932,-6
8933,-11
8944,-10
8946,-5
8966,-5
8975,-5
8977,-6
8984,-6
8987,-6
8992,-6
8994,-5
8998,-5
9003,-5
9004,-5
9010,-5
9014,-5
9017,-5
9018,-4
9024,-2
9027,-2
9028,-2
9031,-2
9033,-2
9034,-2
9035,-2
9036,-2
9038,-1
9039,-1
9040,-1
9041,-1
9043,-1
9044,-1
9045,-1
9046,-1
9047,-1
9048,-1
9053,-2
9057,-3
9058,-3
9066,-3
9071,-3
9085,-3
9087,-3
9091,-4
9101,-4
9108,-5
9111,-5
9112,-5
9113,-4
9115,-4
9122,-4
9126,-5
9130,-5
9131,-5
9133,-4
9149,-2
9151,-2
9154,-2
9155,-1
9156,-1
9163,-1
9168,-1
9169,-1
9170,-1
9176,-2
9193,-2
9205,-2
9210,-2
9214,-2
9216,-2
9223,-2
9227,-2
9228,-2
9230,-2
9238,-2
9242,-2
9251,-2
9256,-2
9264,-2
9267,-3
9270,-2
9273,-2
9275,-2
9277,-2
9278,-2
9284,-2
9286,-2
9293,-2
9295,-1
9296,-1
9303,-2
9306,-2
9307,-3
9316,-5
9317,-2
9324,-5
9330,-5
9335,-5
9336,-5
9342,-5
9343,-5
9353,-5
9356,-3
9359,-3
9362,-3
9363,-4
9365,-5
9376,-5
9390,-4
9391,-4
9399,-4
9400,-3
9416,-3
9417,-3
9418,-3
9420,-2
9426,-2
9427,-1
9428,-1
9430,-1
9438,-1
9442,-3
9444,-3
9450,-3
9452,-3
9463,-3
9464,-3
9466,-3
9467,-3
9469,-3
9471,-1
9473,-1
9476,-1
9478,-1
9479,-1
9482,-1
9483,-1
9490,-3
9491,-3
9493,-3
9497,-3
9498,-3
9503,-3
9504,-3
9505,-3
9512,-3
9513,-3
9514,-3
9515,-3
9517,-2
9518,-2
9520,-2
9528,-2
9531,-2
9532,0
9535,0
9536,-3
9540,-3
9549,-3
9558,-3
9562,-3
9563,-3
9564,-3
9565,-3
9571,-3
9572,-3
9577,-3
9578,-3
9579,-3
9592,-2
9593,-2
9594,-2
9596,-2
9598,-2
9599,-2
9601,-2
9602,-2
9603,-2
9605,-2
9612,-2
9618,-2
9624,-2
9631,-2
9640,-2
9646,-3
9657,-3
9659,-3
9661,-3
9662,-3
9666,-3
9676,0
9689,0
9691,0
9693,-1
9696,-1
9698,-1
9700,-1
9701,-1
9706,-1
9712,-1
9713,-1
9716,-1
9717,-1
9723,-1
9724,-1
9726,-1
9730,-1
9733,-1
9736,-1
9737,-2
9739,-1
9743,-1
9746,-1
9749,0
9752,0
9755,0
9758,0
9761,0
9764,-2
9765,-2
9775,-2
9777,-2
9781,-2
9783,-2
9784,-2
9789,-2
9798,-2
9802,0
9810,0
9813,0
9821,0
9826,0
9827,0
9828,0
9829,0
9835,0
9836,0
9838,0
9842,0
9849,0
9854,0
9860,0
9861,0
9870,0
9871,0
9872,0
9873,0
9875,0
9876,0
9881,0
9882,0
9883,-1
9886,-1
9887,-1
9891,-1
9893,-1
9897,-1
9899,-1
9900,0
9905,0
9906,0
9909,0
9911,-1
9919,-1
9921,-1
9922,-1
9926,-1
9928,-1
9930,-1
9932,-1
9933,-1
9936,-1
9938,-1
9942,-1
9945,-1
9948,-1
9950,-1
9956,-1
9960,-1
9961,-1
9963,-1
9964,-1
9967,-2
9973,-2
9976,-3
9981,-2
9987,-2
9991,-3
9993,-3
9994,-3
9998,-2
9999,-5
10000,-5
